Workbook

Sheet Branch Update_Input
A1: TT | B1: Thuộc chi nhánh | C1: ADM0_EN | D1: ADM1_EN | E1: ADM2_EN | F1: region_name | G1: conflict_level | H1: Status 0: an toàn 1: Giao tranh 2: 500 ae đã chiếm | I1: X
A2: 1 | B2: ART | C2: Haiti | D2: Artibonite | E2: Anse Rouge | F2: 1re Section l'Arbre | G2: ="level"&H2 -> level0 | H2: 0
A3: 2 | B3: ART | C3: Haiti | D3: Artibonite | E3: Anse Rouge | F3: 2e Section Sources Chaudes | G3: ="level"&H3 -> level0 | H3: 0
A4: 3 | B4: ART | C4: Haiti | D4: Artibonite | E4: Desdunes | F4: 1re Section de Desdunes | G4: ="level"&H4 -> level1 | H4: 1
A5: 4 | B5: ART | C5: Haiti | D5: Artibonite | E5: Dessalines | F5: 1re Section Villars | G5: ="level"&H5 -> level1 | H5: 1
A6: 5 | B6: ART | C6: Haiti | D6: Artibonite | E6: Dessalines | F6: 2e Section Fosse Naboth ou Duvallon | G6: ="level"&H6 -> level2 | H6: 2
A7: 6 | B7: ART | C7: Haiti | D7: Artibonite | E7: Dessalines | F7: 3e Section Oge | G7: ="level"&H7 -> level2 | H7: 2
A8: 7 | B8: ART | C8: Haiti | D8: Artibonite | E8: Dessalines | F8: 4e Section Poste Pierrot | G8: ="level"&H8 -> level2 | H8: 2
A9: 8 | B9: ART | C9: Haiti | D9: Artibonite | E9: Dessalines | F9: 5e Section Fiefe ou Petit Cahos | G9: ="level"&H9 -> level2 | H9: 2
A10: 9 | B10: ART | C10: Haiti | D10: Artibonite | E10: Dessalines | F10: 6e Section la Croix ou Grand Cahos | G10: ="level"&H10 -> level2 | H10: 2
A11: 10 | B11: ART | C11: Haiti | D11: Artibonite | E11: Ennery | F11: 1re Section Savane Carree | G11: ="level"&H11 -> level0 | H11: 0
A12: 11 | B12: ART | C12: Haiti | D12: Artibonite | E12: Ennery | F12: 2e Section Passe-Reine ou Bas d'Ennery | G12: ="level"&H12 -> level0 | H12: 0
A13: 12 | B13: ART | C13: Haiti | D13: Artibonite | E13: Ennery | F13: 3e Section Chemin Neuf | G13: ="level"&H13 -> level0 | H13: 0
... A571: 408 | B571: SUD | C571: Haiti | D571: South | E571: Torbeck | F571: 4e Section Moreau | G571: ="level"&H571 -> level0 | H571: 0

Sheet Conflict_Level_Output
A1: region_name | B1: conflict_level
A2: 1re Section l'Arbre | B2: =VLOOKUP(A2,'Branch Update_Input'!F:G,2,) -> level0
A3: 2e Section Sources Chaudes | B3: =VLOOKUP(A3,'Branch Update_Input'!F:G,2,) -> level0
A4: 1re Section de Desdunes | B4: =VLOOKUP(A4,'Branch Update_Input'!F:G,2,) -> level1
A5: 1re Section Villars | B5: =VLOOKUP(A5,'Branch Update_Input'!F:G,2,) -> level1
A6: 2e Section Fosse Naboth ou Duvallon | B6: =VLOOKUP(A6,'Branch Update_Input'!F:G,2,) -> level2
A7: 3e Section Oge | B7: =VLOOKUP(A7,'Branch Update_Input'!F:G,2,) -> level2
A8: 4e Section Poste Pierrot | B8: =VLOOKUP(A8,'Branch Update_Input'!F:G,2,) -> level2
A9: 5e Section Fiefe ou Petit Cahos | B9: =VLOOKUP(A9,'Branch Update_Input'!F:G,2,) -> level2
A10: 6e Section la Croix ou Grand Cahos | B10: =VLOOKUP(A10,'Branch Update_Input'!F:G,2,) -> level2
A11: 1re Section Savane Carree | B11: =VLOOKUP(A11,'Branch Update_Input'!F:G,2,) -> level0
A12: 2e Section Passe-Reine ou Bas d'Ennery | B12: =VLOOKUP(A12,'Branch Update_Input'!F:G,2,) -> level0
A13: 3e Section Chemin Neuf | B13: =VLOOKUP(A13,'Branch Update_Input'!F:G,2,) -> level0
... A571: 4e Section Moreau | B571: =VLOOKUP(A571,'Branch Update_Input'!F:G,2,) -> level0
